<?xml version="1.0"?>
<!--<!DOCTYPE metadata SYSTEM "http://www.esri.com/metadata/esriprof80.dtd">-->
<metadata xml:lang="en"><Esri><CreaDate>20110119</CreaDate><CreaTime>15273600</CreaTime><SyncOnce>FALSE</SyncOnce><SyncDate>20100820</SyncDate><SyncTime>07150800</SyncTime><ModDate>20100820</ModDate><ModTime>07150800</ModTime><DataProperties><lineage><Process Name="FeatureClassToFeatureClass_2" ToolSource="C:\Program Files\ArcGIS\ArcToolbox\Toolboxes\Conversion Tools.tbx\FeatureClassToFeatureClass" Date="20070207" Time="133524">FeatureClassToFeatureClass K:\db5\sb\la_bdy_plot\arc J:\arcims_shape_db la_bdy_plot_arc.shp # "FNODE_ FNODE_ false false true 4 Long 0 0 ,First,#,K:\db5\sb\la_bdy_plot\arc,FNODE#,-1,-1;TNODE_ TNODE_ false false true 4 Long 0 0 ,First,#,K:\db5\sb\la_bdy_plot\arc,TNODE#,-1,-1;LPOLY_ LPOLY_ false false true 4 Long 0 0 ,First,#,K:\db5\sb\la_bdy_plot\arc,LPOLY#,-1,-1;RPOLY_ RPOLY_ false false true 4 Long 0 0 ,First,#,K:\db5\sb\la_bdy_plot\arc,RPOLY#,-1,-1;LENGTH LENGTH false false true 8 Double 0 0 ,First,#,K:\db5\sb\la_bdy_plot\arc,LENGTH,-1,-1;LA_BDY_PLO LA_BDY_PLO false false true 4 Long 0 0 ,First,#,K:\db5\sb\la_bdy_plot\arc,LA_BDY_PLOT#,-1,-1;LA_BDY_P_1 LA_BDY_P_1 true false true 4 Long 0 0 ,First,#,K:\db5\sb\la_bdy_plot\arc,LA_BDY_PLOT-ID,-1,-1;GRPH GRPH true false false 4 Long 0 0 ,First,#,K:\db5\sb\la_bdy_plot\arc,GRPH,-1,-1;FEAT FEAT true false false 4 Long 0 0 ,First,#,K:\db5\sb\la_bdy_plot\arc,FEAT,-1,-1;TYPE TYPE true false false 2 Short 0 0 ,First,#,K:\db5\sb\la_bdy_plot\arc,TYPE,-1,-1;STRU STRU true false false 2 Short 0 0 ,First,#,K:\db5\sb\la_bdy_plot\arc,STRU,-1,-1;STAT STAT true false false 2 Short 0 0 ,First,#,K:\db5\sb\la_bdy_plot\arc,STAT,-1,-1;PREF PREF true false false 2 Short 0 0 ,First,#,K:\db5\sb\la_bdy_plot\arc,PREF,-1,-1;NAME_ALF NAME_ALF true false false 60 Text 0 0 ,First,#,K:\db5\sb\la_bdy_plot\arc,NAME-ALF,-1,-1;NAME NAME true false false 4 Long 0 0 ,First,#,K:\db5\sb\la_bdy_plot\arc,NAME,-1,-1;SUFF SUFF true false false 2 Short 0 0 ,First,#,K:\db5\sb\la_bdy_plot\arc,SUFF,-1,-1;DESIG DESIG true false false 2 Short 0 0 ,First,#,K:\db5\sb\la_bdy_plot\arc,DESIG,-1,-1;NAMEA_ALF NAMEA_ALF true false false 65 Text 0 0 ,First,#,K:\db5\sb\la_bdy_plot\arc,NAMEA-ALF,-1,-1;PREF_ALF PREF_ALF true false false 15 Text 0 0 ,First,#,K:\db5\sb\la_bdy_plot\arc,PREF-ALF,-1,-1;NAME1_ALF NAME1_ALF true false false 20 Text 0 0 ,First,#,K:\db5\sb\la_bdy_plot\arc,NAME1-ALF,-1,-1;NAME2_ALF NAME2_ALF true false false 20 Text 0 0 ,First,#,K:\db5\sb\la_bdy_plot\arc,NAME2-ALF,-1,-1;NAME3_ALF NAME3_ALF true false false 20 Text 0 0 ,First,#,K:\db5\sb\la_bdy_plot\arc,NAME3-ALF,-1,-1;NAME4_ALF NAME4_ALF true false false 20 Text 0 0 ,First,#,K:\db5\sb\la_bdy_plot\arc,NAME4-ALF,-1,-1;SUFF_ALF SUFF_ALF true false false 20 Text 0 0 ,First,#,K:\db5\sb\la_bdy_plot\arc,SUFF-ALF,-1,-1;TBM TBM true false false 12 Text 0 0 ,First,#,K:\db5\sb\la_bdy_plot\arc,TBM,-1,-1;SYMBOL SYMBOL true false false 3 Short 0 3 ,First,#,K:\db5\sb\la_bdy_plot\arc,SYMBOL,-1,-1" # J:\arcims_shape_db\la_bdy_plot_arc.shp</Process><Process ToolSource="C:\Program Files\ArcGIS\ArcToolbox\Toolboxes\Data Management Tools.tbx\Dissolve" Date="20100210" Time="132114">Dissolve LA_county_outline \\Gisps1\OTHER_GISPS1\Awaiting_SDE_Loading\LA_county_outline_Dissolve.shp LINE_TYPE # MULTI_PART DISSOLVE_LINES</Process><Process ToolSource="C:\Program Files\ArcGIS\Desktop10.0\ArcToolbox\Toolboxes\Conversion Tools.tbx\FeatureClassToFeatureClass" Date="20100820" Time="071508">FeatureClassToFeatureClass \\Gisps1\OTHER_GISPS1\Awaiting_SDE_Loading\LA_county_outline_Dissolve.shp "Database Connections\Connection to gis_ms4 (dbgis).sde\dbgis.USER2.base" BASE_LA_BDY_ARC # "LINE_TYPE "LINE_TYPE" true true false 25 Text 0 0 ,First,#,\\Gisps1\OTHER_GISPS1\Awaiting_SDE_Loading\LA_county_outline_Dissolve.shp,LINE_TYPE,-1,-1" #</Process></lineage><itemProps><itemName Sync="TRUE">dbgis.USER2.BASE_LA_BDY_ARC</itemName><imsContentType Sync="TRUE">002</imsContentType><itemLocation><linkage Sync="TRUE">Server=gis_ms4; Service=5152; Database=dbgis; User=user2; Version=sde.DEFAULT</linkage><protocol Sync="TRUE">ArcSDE Connection</protocol></itemLocation></itemProps><coordRef><type Sync="TRUE">Projected</type><geogcsn Sync="TRUE">GCS_North_American_1983</geogcsn><projcsn Sync="TRUE">NAD_1983_StatePlane_California_V_FIPS_0405_Feet</projcsn><peXml Sync="TRUE">&lt;ProjectedCoordinateSystem xsi:type='typens:ProjectedCoordinateSystem' xmlns:xsi='http://www.w3.org/2001/XMLSchema-instance' xmlns:xs='http://www.w3.org/2001/XMLSchema' xmlns:typens='http://www.esri.com/schemas/ArcGIS/10.0'&gt;&lt;WKT&gt;PROJCS[&amp;quot;NAD_1983_StatePlane_California_V_FIPS_0405_Feet&amp;quot;,GEOGCS[&amp;quot;GCS_North_American_1983&amp;quot;,DATUM[&amp;quot;D_North_American_1983&amp;quot;,SPHEROID[&amp;quot;GRS_1980&amp;quot;,6378137.0,298.257222101]],PRIMEM[&amp;quot;Greenwich&amp;quot;,0.0],UNIT[&amp;quot;Degree&amp;quot;,0.0174532925199433]],PROJECTION[&amp;quot;Lambert_Conformal_Conic&amp;quot;],PARAMETER[&amp;quot;False_Easting&amp;quot;,6561666.666666666],PARAMETER[&amp;quot;False_Northing&amp;quot;,1640416.666666667],PARAMETER[&amp;quot;Central_Meridian&amp;quot;,-118.0],PARAMETER[&amp;quot;Standard_Parallel_1&amp;quot;,34.03333333333333],PARAMETER[&amp;quot;Standard_Parallel_2&amp;quot;,35.46666666666667],PARAMETER[&amp;quot;Latitude_Of_Origin&amp;quot;,33.5],UNIT[&amp;quot;Foot_US&amp;quot;,0.3048006096012192],AUTHORITY[&amp;quot;EPSG&amp;quot;,2229]]&lt;/WKT&gt;&lt;XOrigin&gt;-117608900&lt;/XOrigin&gt;&lt;YOrigin&gt;-91881400&lt;/YOrigin&gt;&lt;XYScale&gt;3048.0060960121914&lt;/XYScale&gt;&lt;ZOrigin&gt;0&lt;/ZOrigin&gt;&lt;ZScale&gt;1&lt;/ZScale&gt;&lt;MOrigin&gt;0&lt;/MOrigin&gt;&lt;MScale&gt;1&lt;/MScale&gt;&lt;XYTolerance&gt;0.02&lt;/XYTolerance&gt;&lt;ZTolerance&gt;0.001&lt;/ZTolerance&gt;&lt;MTolerance&gt;0.001&lt;/MTolerance&gt;&lt;HighPrecision&gt;true&lt;/HighPrecision&gt;&lt;WKID&gt;2229&lt;/WKID&gt;&lt;/ProjectedCoordinateSystem&gt;</peXml></coordRef></DataProperties><ArcGISFormat>1.0</ArcGISFormat></Esri><idinfo><native Sync="TRUE">Microsoft Windows XP Version 5.1 (Build 2600) Service Pack 2; ESRI ArcCatalog 9.3.1.3000</native><descript><langdata Sync="TRUE">en</langdata><abstract>REQUIRED: A brief narrative summary of the data set.</abstract><purpose>REQUIRED: A summary of the intentions with which the data set was developed.</purpose></descript><citation><citeinfo><origin>REQUIRED: The name of an organization or individual that developed the data set.</origin><pubdate>REQUIRED: The date when the data set is published or otherwise made available for release.</pubdate><title Sync="TRUE">LA_county_outline_Dissolve</title><ftname Sync="TRUE">LA_county_outline_Dissolve</ftname><geoform Sync="TRUE">vector digital data</geoform><onlink Sync="TRUE">\\Gisps1\OTHER_GISPS1\Awaiting_SDE_Loading\LA_county_outline_Dissolve.shp</onlink></citeinfo></citation><timeperd><current>REQUIRED: The basis on which the time period of content information is determined.</current><timeinfo><sngdate><caldate>REQUIRED: The year (and optionally month, or month and day) for which the data set corresponds to the ground.</caldate></sngdate></timeinfo></timeperd><status><progress>REQUIRED: The state of the data set.</progress><update>REQUIRED: The frequency with which changes and additions are made to the data set after the initial data set is completed.</update></status><spdom><bounding><westbc Sync="TRUE">-118.953761</westbc><eastbc Sync="TRUE">-117.644015</eastbc><northbc Sync="TRUE">34.823510</northbc><southbc Sync="TRUE">32.792285</southbc></bounding><lboundng><leftbc Sync="TRUE">6275415.476608</leftbc><rightbc Sync="TRUE">6668505.379075</rightbc><bottombc Sync="TRUE">1384146.140123</bottombc><topbc Sync="TRUE">2122076.787946</topbc></lboundng></spdom><keywords><theme><themekt>REQUIRED: Reference to a formally registered thesaurus or a similar authoritative source of theme keywords.</themekt><themekey>REQUIRED: Common-use word or phrase used to describe the subject of the data set.</themekey></theme></keywords><accconst>REQUIRED: Restrictions and legal prerequisites for accessing the data set.</accconst><useconst>REQUIRED: Restrictions and legal prerequisites for using the data set after access is granted.</useconst><natvform Sync="TRUE">Shapefile</natvform></idinfo><dataIdInfo><envirDesc Sync="TRUE">Microsoft Windows XP Version 5.1 (Build 2600) Service Pack 3; ESRI ArcGIS 10.0.0.2414</envirDesc><dataLang><languageCode Sync="TRUE" value="en" country="US"></languageCode></dataLang><idCitation><resTitle Sync="TRUE">dbgis.USER2.BASE_LA_BDY_ARC</resTitle><presForm><PresFormCd Sync="TRUE" value="005"></PresFormCd></presForm></idCitation><spatRpType><SpatRepTypCd Sync="TRUE" value="001"></SpatRepTypCd></spatRpType><dataExt><geoEle><GeoBndBox esriExtentType="native"><westBL Sync="TRUE">6275415.476608</westBL><eastBL Sync="TRUE">6668505.379075</eastBL><northBL Sync="TRUE">2122076.787946</northBL><southBL Sync="TRUE">1384146.140123</southBL><exTypeCode Sync="TRUE">1</exTypeCode></GeoBndBox></geoEle></dataExt><geoBox esriExtentType="decdegrees"><westBL Sync="TRUE">-118.953761</westBL><eastBL Sync="TRUE">-117.644015</eastBL><northBL Sync="TRUE">34.82351</northBL><southBL Sync="TRUE">32.792285</southBL><exTypeCode Sync="TRUE">1</exTypeCode></geoBox><descKeys><thesaName uuidref="723f6998-058e-11dc-8314-0800200c9a66"></thesaName><keyword Sync="TRUE">002</keyword></descKeys></dataIdInfo><metainfo><langmeta Sync="TRUE">en</langmeta><metstdn Sync="TRUE">FGDC Content Standards for Digital Geospatial Metadata</metstdn><metstdv Sync="TRUE">FGDC-STD-001-1998</metstdv><mettc Sync="TRUE">local time</mettc><metc><cntinfo><cntorgp><cntper>REQUIRED: The person responsible for the metadata information.</cntper><cntorg>REQUIRED: The organization responsible for the metadata information.</cntorg></cntorgp><cntaddr><addrtype>REQUIRED: The mailing and/or physical address for the organization or individual.</addrtype><city>REQUIRED: The city of the address.</city><state>REQUIRED: The state or province of the address.</state><postal>REQUIRED: The ZIP or other postal code of the address.</postal></cntaddr><cntvoice>REQUIRED: The telephone number by which individuals can speak to the organization or individual.</cntvoice></cntinfo></metc><metd Sync="TRUE">20100408</metd></metainfo><mdLang><languageCode Sync="TRUE" value="en"></languageCode></mdLang><mdStanName Sync="TRUE">ISO 19115 Geographic Information - Metadata</mdStanName><mdStanVer Sync="TRUE">DIS_ESRI1.0</mdStanVer><mdChar><CharSetCd Sync="TRUE" value="004"></CharSetCd></mdChar><mdHrLv><ScopeCd Sync="TRUE" value="005"></ScopeCd></mdHrLv><mdHrLvName Sync="TRUE">dataset</mdHrLvName><distinfo><resdesc Sync="TRUE">Downloadable Data</resdesc><stdorder><digform><digtinfo><transize Sync="TRUE">0.276</transize><dssize Sync="TRUE">0.276</dssize></digtinfo></digform></stdorder></distinfo><distInfo><distributor><distorTran><onLineSrc><orDesc Sync="TRUE">002</orDesc><linkage Sync="TRUE">file://\\Gisps1\OTHER_GISPS1\Awaiting_SDE_Loading\LA_county_outline_Dissolve.shp</linkage><protocol Sync="TRUE">Local Area Network</protocol></onLineSrc><transSize Sync="TRUE">0.276</transSize></distorTran><distorFormat><formatName Sync="TRUE">Shapefile</formatName></distorFormat></distributor><distFormat><formatName Sync="TRUE">SDE Feature Class</formatName></distFormat></distInfo><spdoinfo><direct Sync="TRUE">Vector</direct><ptvctinf><esriterm Name="dbgis.USER2.BASE_LA_BDY_ARC"><efeatyp Sync="TRUE">Simple</efeatyp><efeageom Sync="TRUE">3</efeageom><esritopo Sync="TRUE">FALSE</esritopo><efeacnt Sync="TRUE">0</efeacnt><spindex Sync="TRUE">TRUE</spindex><linrefer Sync="TRUE">FALSE</linrefer></esriterm></ptvctinf></spdoinfo><spref><horizsys><cordsysn><geogcsn Sync="TRUE">GCS_North_American_1983</geogcsn><projcsn Sync="TRUE">NAD_1983_StatePlane_California_V_FIPS_0405_Feet</projcsn></cordsysn><planar><planci><plance Sync="TRUE">coordinate pair</plance><plandu Sync="TRUE">survey feet</plandu><coordrep><absres Sync="TRUE">0.000000</absres><ordres Sync="TRUE">0.000000</ordres></coordrep></planci></planar><geodetic><horizdn Sync="TRUE">North American Datum of 1983</horizdn><ellips Sync="TRUE">Geodetic Reference System 80</ellips><semiaxis Sync="TRUE">6378137.000000</semiaxis><denflat Sync="TRUE">298.257222</denflat></geodetic></horizsys></spref><refSysInfo><RefSystem><refSysID><identCode Sync="TRUE" code="2229">NAD_1983_StatePlane_California_V_FIPS_0405_Feet</identCode><idCodeSpace Sync="TRUE">EPSG</idCodeSpace><idVersion Sync="TRUE">7.4.1</idVersion></refSysID></RefSystem></refSysInfo><spatRepInfo><VectSpatRep><topLvl><TopoLevCd Sync="TRUE" value="001"></TopoLevCd></topLvl><geometObjs Name="LA_county_outline_Dissolve"><geoObjTyp><GeoObjTypCd Sync="TRUE" value="002"></GeoObjTypCd><geoObjCnt Sync="TRUE">0</geoObjCnt></geoObjTyp><geoObjCnt Sync="TRUE">2</geoObjCnt></geometObjs></VectSpatRep></spatRepInfo><eainfo><detailed Name="dbgis.USER2.BASE_LA_BDY_ARC"><enttyp><enttypl Sync="TRUE">dbgis.USER2.BASE_LA_BDY_ARC</enttypl><enttypt Sync="TRUE">Feature Class</enttypt><enttypc Sync="TRUE">0</enttypc></enttyp><attr><attrlabl Sync="TRUE">OBJECTID</attrlabl><attalias Sync="TRUE">OBJECTID</attalias><attrtype Sync="TRUE">OID</attrtype><attwidth Sync="TRUE">4</attwidth><atprecis Sync="TRUE">10</atprecis><attscale Sync="TRUE">0</attscale><attrdef Sync="TRUE">Internal feature number.</attrdef><attrdefs Sync="TRUE">ESRI</attrdefs><attrdomv><udom Sync="TRUE">Sequential unique whole numbers that are automatically generated.</udom></attrdomv></attr><attr><attrlabl Sync="TRUE">Shape</attrlabl><attalias Sync="TRUE">Shape</attalias><attrtype Sync="TRUE">Geometry</attrtype><attwidth Sync="TRUE">4</attwidth><atprecis Sync="TRUE">0</atprecis><attscale Sync="TRUE">0</attscale><attrdef Sync="TRUE">Feature geometry.</attrdef><attrdefs Sync="TRUE">ESRI</attrdefs><attrdomv><udom Sync="TRUE">Coordinates defining the features.</udom></attrdomv></attr><attr><attrlabl Sync="TRUE">LINE_TYPE</attrlabl><attalias Sync="TRUE">LINE_TYPE</attalias><attrtype Sync="TRUE">String</attrtype><attwidth Sync="TRUE">25</attwidth><atprecis Sync="TRUE">0</atprecis><attscale Sync="TRUE">0</attscale></attr><attr><attrlabl Sync="TRUE">Shape.len</attrlabl><attalias Sync="TRUE">Shape.len</attalias><attrtype Sync="TRUE">Double</attrtype><attwidth Sync="TRUE">0</attwidth><atprecis Sync="TRUE">0</atprecis><attscale Sync="TRUE">0</attscale></attr></detailed></eainfo><mdDateSt Sync="TRUE">20100820</mdDateSt><dataqual><lineage><procstep><procdesc Sync="TRUE">Dataset copied.</procdesc><srcused Sync="TRUE">J:\arcims_shape_db\la_bdy_plot_arc</srcused><procdate Sync="TRUE">20100111</procdate><proctime Sync="TRUE">12202200</proctime></procstep></lineage></dataqual></metadata>
